{"result":{"kind":"success","snapshot_date":"2026-04-04","count":2,"items":[{"nm_id":210183919,"spp":0.24621052631578932},{"nm_id":210184534,"spp":0.24250000000000005}]}}
